﻿designator,quantity,value,pack,mpn,mount_type
AE101,1,Antenna_Chip,ANT-SMD_L3.2-W1.6,C293767,tht
C1,1,22uF,CP_Elec_4x5.4,RVT1C220M0405,smt
"C101, C106, C113",3,C_0805_1u_X7R,C_0805_2012Metric,CL21B105KBFNNNE,smt
"C102, C103, C109, C110, C114, C115, C118, C119, C120",9,C_0402_100nf_X7R,C_0402_1005Metric,CL05B104KO5NNNC,smt
"C104, C105",2,C_0402_18p_NP0,C_0402_1005Metric,0402CG180J500NT,smt
C107,1,C_0402_10n_C0G,C_0402_1005Metric,CL05B103KB5NNNC,smt
"C108, C117, C2",3,C_0805_10u_X5R,C_0805_2012Metric,CL21A106KAYNNNE,smt
"C111, C112",2,C_0402_3p3_C0G,C_0402_1005Metric,0402CG3R3C500NT,smt
"C116, C3",2,4.7uF,C_0805_2012Metric,CL21A475KAQNNNE,smt
"D101, D104, D105, D106",4,LED_0603_RED,LED_0603_1608Metric,MHT192CRCT,smt
"D102, D107, D108, D109, D110, D111, D112",7,1N5819WS,D_SOD-323,1N5819WS,smt
FB101,1,300mΩ ±25% 600Ω@100MHz,L_0805_2012Metric,GZ2012D601TF,smt
"H101, H102, H103, H104",4,MountingHole,MountingHole_2.2mm_M2_Pad_Via,,tht
J101,1,Conn_ST_STDC14,TC2070-IDC-FP,,tht
J102,1,ZE05H-16DP-2H,ZE05H-16DP-2H,ZE05H-16DP-2H,smt
J104,1,FH34SRJ-6S-0.5SH(50),FFC-SMD_6P-P0.50_FH34SRJ-6S-0.5SH,FH34SRJ-6S-0.5SH(50),tht
L101,1,2nH,L_0402_1005Metric,CLH1005T-2N0S-S-NP,smt
L102,1,2.2nH,L_0402_1005Metric,CLH1005T-2N2S-S-NP,smt
Q101,1,AO3401A,SOT-23,AO3401A,smt
"Q102, Q103, Q104",3,AO3400A,SOT-23,AO3400A,smt
"R101, R108, R109, R110",4,R_0805_100,R_0805_2012Metric,0805W8F1000T5E,smt
"R102, R113, R115, R116",4,R_0805_10k,R_0805_2012Metric,0805W8F1002T5E,smt
"R103, R114, R117, R118",4,R_0603_1k,R_0603_1608Metric,0603WAF1001T5E,smt
"R104, R105, R106, R107",4,R_0603_100,R_0603_1608Metric,0603WAF1000T5E,smt
R111,1,R_0603_220,R_0805_2012Metric,0805W8F2200T5E,smt
"R119, R123, R124, R125",4,R_0402_1k,R_0402_1005Metric,0402WGF1001TCE,smt
R120,1,R_1206_DNP,R_1206_3216Metric,,smt
R121,1,R_0402_0,R_0402_1005Metric,0402WGF0000TCE,smt
R122,1,R_0402_499,R_0402_1005Metric,RT0402BRD07499RL,smt
"SW101, SW104",2,TS-1101-C-W,TS1101CW,TS-1101-C-W,smt
"TP1, TP2, TP3",3,TestPoint,TestPoint_Pad_D1.5mm,,tht
"TP4, TP5, TP6, TP7, TP8, TP9",6,TestPoint,TestPoint_Pad_D1.0mm,,tht
U1,1,SPX3819M5-L-3-3/TR,SOT-23-5,SPX3819M5-L-3-3/TR,smt
U101,1,ESP32-C3FH4,QFN50P500X500X90-33N,ESP32-C3FH4,smt
U102,1,SN65HVD230,SOIC-8_3.9x4.9mm_P1.27mm,SN65HVD230DR,smt
U103,1,SPX1117M3-L-5-0/TR ,SOT-223-3_TabPin2,SPX1117M3-L-5-0/TR,smt
Y101,1,40_Mhz,Crystal_SMD_3225-4Pin_3.2x2.5mm,SX3B40.000F1210F30,smt
kibuzzard-648F92C0,1,G***,kibuzzard-648F92C0,,tht
kibuzzard-648F92CD,1,G***,kibuzzard-648F92CD,,tht
kibuzzard-648F92E2,1,G***,kibuzzard-648F92E2,,tht
kibuzzard-648F92EC,1,G***,kibuzzard-648F92EC,,tht
kibuzzard-648F9315,1,G***,kibuzzard-648F9315,,tht
kibuzzard-648F9323,1,G***,kibuzzard-648F9323,,tht
kibuzzard-648F9331,1,G***,kibuzzard-648F9331,,tht
kibuzzard-648F933E,1,G***,kibuzzard-648F933E,,tht
kibuzzard-648F93A2,1,G***,kibuzzard-648F93A2,,tht
kibuzzard-648F93D4,1,G***,kibuzzard-648F93D4,,tht
