﻿pos_x,pos_y,rotation,side,designator,mpn,pack,value,mount_type,place
65.0,-72.7,90.0,top,AE101,,ANT-SMD_L3.2-W1.6,Antenna_Chip,tht,True
91.2,-42.75,180.0,top,C1,RVT1C220M0405,CP_Elec_4x5.4,22uF,smt,True
53.25,-46.4,180.0,top,C101,CL21B105KOFNNNE,C_0805_2012Metric,C_0805_1u_X7R,smt,False
53.25,-47.925,180.0,top,C102,0402B104K500NT,C_0402_1005Metric,C_0402_100nf_X7R,smt,False
74.425,-51.327499,180.0,top,C103,0402B104K500NT,C_0402_1005Metric,C_0402_100nf_X7R,smt,True
59.79624,-62.9,-90.0,top,C104,,C_0402_1005Metric,C_0402_DNP,smt,True
59.796239,-60.9,90.0,top,C105,,C_0402_1005Metric,C_0402_DNP,smt,True
61.9,-69.2,-90.0,top,C106,CL21B105KOFNNNE,C_0805_2012Metric,C_0805_1u_X7R,smt,True
61.54624,-63.4,180.0,top,C107,GRM1555CYA103JE01D,C_0402_1005Metric,C_0402_10n_C0G,smt,True
68.1,-69.2,90.0,top,C108,GRM21BR6YA106KE43L,C_0805_2012Metric,C_0805_10u_X5R,smt,True
66.02,-69.200001,0.0,top,C109,0402B104K500NT,C_0402_1005Metric,C_0402_100nf_X7R,smt,True
66.02,-66.200001,0.0,top,C110,0402B104K500NT,C_0402_1005Metric,C_0402_100nf_X7R,smt,True
64.02,-66.2,180.0,top,C111,,C_0402_1005Metric,C_0402_DNP,smt,True
64.02,-69.200001,180.0,top,C112,,C_0402_1005Metric,C_0402_DNP,smt,True
70.8475,-56.61,90.0,top,C113,CL21B105KOFNNNE,C_0805_2012Metric,C_0805_1u_X7R,smt,True
68.8,-56.4,0.0,top,C114,0402B104K500NT,C_0402_1005Metric,C_0402_100nf_X7R,smt,True
72.5,-62.3,0.0,top,C115,0402B104K500NT,C_0402_1005Metric,C_0402_100nf_X7R,smt,True
82.5,-48.25,180.0,top,C116,,C_0805_2012Metric,4.7uF,smt,True
89.75,-48.95,-90.0,top,C117,GRM21BR6YA106KE43L,C_0805_2012Metric,C_0805_10u_X5R,smt,True
83.5,-68.28,180.0,top,C118,0402B104K500NT,C_0402_1005Metric,C_0402_100nf_X7R,smt,True
83.25,-59.03,180.0,top,C119,0402B104K500NT,C_0402_1005Metric,C_0402_100nf_X7R,smt,True
73.5,-66.02,-90.0,top,C120,0402B104K500NT,C_0402_1005Metric,C_0402_100nf_X7R,smt,True
82.5,-46.15,180.0,top,C2,GRM21BR6YA106KE43L,C_0805_2012Metric,C_0805_10u_X5R,smt,True
89.3,-39.25,180.0,top,C3,,C_0805_2012Metric,4.7uF,smt,True
40.787501,-56.662501,0.0,top,D101,MHT192CRCT,LED_0603_1608Metric,LED_0603_RED,smt,True
78.495,-44.977499,-90.0,top,D102,,D_SOD-323,1N5819WS,smt,True
40.7875,-52.6875,0.0,top,D104,MHT192CRCT,LED_0603_1608Metric,LED_0603_RED,smt,True
40.7875,-48.7125,0.0,top,D105,MHT192CRCT,LED_0603_1608Metric,LED_0603_RED,smt,True
40.7875,-44.7375,0.0,top,D106,MHT192CRCT,LED_0603_1608Metric,LED_0603_RED,smt,True
82.75,-57.28,0.0,top,D107,,D_SOD-323,1N5819WS,smt,True
40.7875,-54.675,0.0,top,D108,,D_SOD-323,1N5819WS,smt,True
82.75,-69.78,180.0,top,D109,,D_SOD-323,1N5819WS,smt,True
40.7375,-50.7,0.0,top,D110,,D_SOD-323,1N5819WS,smt,True
40.875,-42.75,0.0,top,D111,,D_SOD-323,1N5819WS,smt,True
40.787501,-46.725,0.0,top,D112,,D_SOD-323,1N5819WS,smt,True
93.0,-39.25,180.0,top,FB101,,L_0805_2012Metric,70mΩ ±25% 330Ω@100MH,smt,True
40.0,-26.0,0.0,top,H101,,SMTSO2020CTJ,SMTSO2020CTJ,smt,False
92.0,-26.0,0.0,top,H102,,SMTSO2020CTJ,SMTSO2020CTJ,smt,False
40.0,-73.0,0.0,top,H103,,SMTSO2020CTJ,SMTSO2020CTJ,smt,False
46.0,-32.0,0.0,top,H103,,SMTSO2020CTJ,SMTSO2020CTJ,smt,False
46.0,-66.0,0.0,top,H103,,SMTSO2020CTJ,SMTSO2020CTJ,smt,False
92.0,-73.0,0.0,top,H103,,SMTSO2020CTJ,SMTSO2020CTJ,smt,False
85.27,-63.665,0.0,top,J101,,TC2070-IDC-FP,Conn_ST_STDC14,tht,False
66.0,-23.534,180.0,top,J102,,ZE05H-16DP-2H, ZE05H-16DP-2H,smt,True
48.345035,-49.122963,-90.0,bottom,J104,,FFC-SMD_6P-P0.50_FH34SRJ-6S-0.5SH,FH34SRJ-6S-0.5SH(50),tht,False
65.52,-67.700001,-90.0,top,L101,,L_0402_1005Metric,2nH,smt,True
64.52,-67.700001,-90.0,top,L102,,L_0402_1005Metric,2.2nH,smt,True
54.525,-50.8625,90.0,top,Q101,,SOT-23,AO3401A,smt,True
63.7,-50.937501,90.0,top,Q102,,SOT-23,AO3400A,smt,True
60.2,-50.9,90.0,top,Q103,,SOT-23,AO3400A,smt,True
67.2,-50.9375,90.0,top,Q104,,SOT-23,AO3400A,smt,True
56.05,-47.15,90.0,top,R101,,R_0805_2012Metric,100,smt,True
45.2,-55.325,90.0,top,R102,0805W8F1002T5E,R_0805_2012Metric,R_0805_10k,smt,True
43.3,-55.325,-90.0,top,R103,,R_0603_1608Metric,1k,smt,True
53.605001,-54.492501,90.0,top,R104,,R_0603_1608Metric,100,smt,True
62.75,-54.549999,90.0,top,R105,,R_0603_1608Metric,100,smt,True
59.2,-54.5375,90.0,top,R106,,R_0603_1608Metric,100,smt,True
66.2,-54.4375,90.0,top,R107,,R_0603_1608Metric,100,smt,True
63.75,-47.125,90.0,top,R108,,R_0805_2012Metric,100,smt,True
60.2,-47.15,90.0,top,R109,,R_0805_2012Metric,100,smt,True
67.2,-47.1875,90.0,top,R110,,R_0805_2012Metric,100,smt,True
78.495001,-48.427499,90.0,top,R111,,R_0805_2012Metric,220,smt,True
45.2,-51.35,90.0,top,R113,0805W8F1002T5E,R_0805_2012Metric,R_0805_10k,smt,True
43.3,-51.35,-90.0,top,R114,,R_0603_1608Metric,1k,smt,True
45.2,-47.375,90.0,top,R115,0805W8F1002T5E,R_0805_2012Metric,R_0805_10k,smt,True
45.2,-43.4,90.0,top,R116,0805W8F1002T5E,R_0805_2012Metric,R_0805_10k,smt,True
43.3,-47.375,-90.0,top,R117,,R_0603_1608Metric,1k,smt,True
43.3,-43.4,-90.0,top,R118,,R_0603_1608Metric,1k,smt,True
70.385001,-44.527499,180.0,top,R119,PTFR0402B1K00P9,R_0402_1005Metric,R_0402_1k,smt,True
74.265,-40.975,0.0,top,R120,,R_1206_3216Metric,R_1206_DNP,smt,False
61.54624,-62.3,0.0,top,R121,,R_0402_1005Metric,0R,smt,True
61.54624,-61.05,180.0,top,R122,RT0402BRD07499RL,R_0402_1005Metric,R_0402_499,smt,True
72.5,-66.03,90.0,top,R123,PTFR0402B1K00P9,R_0402_1005Metric,R_0402_1k,smt,True
71.54,-66.03,90.0,top,R124,PTFR0402B1K00P9,R_0402_1005Metric,R_0402_1k,smt,True
72.51,-60.4,180.0,top,R125,PTFR0402B1K00P9,R_0402_1005Metric,R_0402_1k,smt,True
43.65,-55.05,0.0,bottom,SW101,,TS1101CW,TS-1101-C-W,smt,False
43.75,-42.45,0.0,bottom,SW104,,TS1101CW,TS-1101-C-W,smt,False
80.0,-37.25,0.0,top,TP1,,TestPoint_Pad_D1.5mm,TestPoint,tht,False
89.5,-47.5,180.0,bottom,TP2,,TestPoint_Pad_D1.5mm,TestPoint,tht,False
89.5,-50.0,180.0,bottom,TP3,,TestPoint_Pad_D1.5mm,TestPoint,tht,False
50.6,-64.3,-90.0,bottom,TP4,,TestPoint_Pad_D1.0mm,TestPoint,tht,False
50.6,-62.3,-90.0,bottom,TP5,,TestPoint_Pad_D1.0mm,TestPoint,tht,False
50.6,-60.3,-90.0,bottom,TP6,,TestPoint_Pad_D1.0mm,TestPoint,tht,False
52.6,-60.3,-90.0,bottom,TP7,,TestPoint_Pad_D1.0mm,TestPoint,tht,False
52.6,-62.3,-90.0,bottom,TP8,,TestPoint_Pad_D1.0mm,TestPoint,tht,False
52.6,-64.3,-90.0,bottom,TP9,,TestPoint_Pad_D1.0mm,TestPoint,tht,False
86.6125,-48.95,0.0,top,U1,,SOT-23-5,SPX3819M5-L-3-3/TR,smt,True
66.25,-61.55,90.0,top,U101,,QFN50P500X500X90-33N,ESP32-C3FH4,smt,True
74.365,-46.975,90.0,top,U102,,SOIC-8_3.9x4.9mm_P1.27mm,SN65HVD230,smt,True
84.0,-40.5,90.0,top,U103,,SOT-223-3_TabPin2,SPX1117M3-L-5-0/TR ,smt,True
57.44624,-61.7,-90.0,top,Y101,SX3B40.000F1210F30,Crystal_SMD_3225-4Pin_3.2x2.5mm,40_Mhz,smt,True
65.4,-47.0,0.0,top,kibuzzard-648F92C0,,kibuzzard-648F92C0,G***,tht,False
62.0,-47.0,0.0,top,kibuzzard-648F92CD,,kibuzzard-648F92CD,G***,tht,False
68.9,-47.0,0.0,top,kibuzzard-648F92E2,,kibuzzard-648F92E2,G***,tht,False
57.8,-47.0,0.0,top,kibuzzard-648F92EC,,kibuzzard-648F92EC,G***,tht,False
47.6,-43.4,0.0,top,kibuzzard-648F9315,,kibuzzard-648F9315,G***,tht,False
47.8,-47.4,0.0,top,kibuzzard-648F9323,,kibuzzard-648F9323,G***,tht,False
47.8,-51.4,0.0,top,kibuzzard-648F9331,,kibuzzard-648F9331,G***,tht,False
47.8,-55.2,0.0,top,kibuzzard-648F933E,,kibuzzard-648F933E,G***,tht,False
85.6,-34.8,0.0,top,kibuzzard-648F93A2,,kibuzzard-648F93A2,G***,tht,False
86.25,-47.5,180.0,bottom,kibuzzard-648F93D4,,kibuzzard-648F93D4,G***,tht,False
